StoryID,Service,Route,Action,RequiredPermission,PriorEnforcement,TargetS207Enforcement,TenantScope,EntityStoreScope,PositiveTest,UnauthorizedNegativeTest,CrossTenantNegativeTest
S200,tenant-service,GET /api/v1/legal-entities,list,acct.entity.view,Local ROLE_PERMISSIONS stub,Real S207 via HttpAuthzClient,Enforced (x-tenant-id + assignment tenantId),Tenant-wide only (Legal Entity IS the entity),YES (legal-entity-authz.test.ts),YES,YES (new: assignment-scope test added)
S200,tenant-service,POST /api/v1/legal-entities,create,acct.entity.manage,Local ROLE_PERMISSIONS stub,Real S207 via HttpAuthzClient,Enforced,Tenant-wide,YES,YES,YES
S200,tenant-service,GET /api/v1/legal-entities/:id,get,acct.entity.view,Local ROLE_PERMISSIONS stub,Real S207 via HttpAuthzClient,Enforced,Tenant-wide,YES,YES,YES (covered by same guard instance)
S200,tenant-service,PUT /api/v1/legal-entities/:id,update,acct.entity.manage,Local ROLE_PERMISSIONS stub,Real S207 via HttpAuthzClient,Enforced,Tenant-wide,YES,YES,YES
S200,tenant-service,POST /api/v1/legal-entities/:id/deactivate,deactivate,acct.entity.manage,Local ROLE_PERMISSIONS stub,Real S207 via HttpAuthzClient,Enforced,Tenant-wide,YES,YES,YES
S200,tenant-service,GET /api/v1/legal-entities/:id/audit,audit history,acct.entity.view,Local ROLE_PERMISSIONS stub,Real S207 via HttpAuthzClient,Enforced,Tenant-wide,YES,YES,YES
S200,tenant-service,POST /api/v1/legal-entities/:id/mark-posted,mark-posted (gl-service callback),acct.entity.manage,Local ROLE_PERMISSIONS stub (incl. SERVICE role),Real S207 via HttpAuthzClient,Enforced,Tenant-wide,YES (SERVICE role case),YES,YES
S201,tenant-service,GET /api/v1/stores,list,acct.store.view,Local ROLE_PERMISSIONS stub,Real S207 via HttpAuthzClient,Enforced,Tenant-wide (entityId is a query filter, not a scope check today),YES (store-routes.test.ts),YES,YES (new: assignment-scope test added)
S201,tenant-service,POST /api/v1/stores,create,acct.store.manage,Local ROLE_PERMISSIONS stub,Real S207 via HttpAuthzClient,Enforced,Tenant-wide,YES,YES,YES
S201,tenant-service,GET /api/v1/stores/:id,get,acct.store.view,Local ROLE_PERMISSIONS stub,Real S207 via HttpAuthzClient,Enforced,Tenant-wide,YES,YES,YES
S201,tenant-service,PUT /api/v1/stores/:id,update,acct.store.manage,Local ROLE_PERMISSIONS stub,Real S207 via HttpAuthzClient,Enforced,Tenant-wide,YES,YES,YES
S201,tenant-service,POST /api/v1/stores/:id/deactivate,deactivate,acct.store.manage,Local ROLE_PERMISSIONS stub,Real S207 via HttpAuthzClient,Enforced,Tenant-wide,YES,YES,YES
S203,tenant-service,GET /api/v1/entities/:entityId/departments,list,acct.dept.view,Local ROLE_PERMISSIONS stub,Real S207 via HttpAuthzClient,Enforced,Tenant-wide (entityId is a path param, not passed into scope check),YES (department-routes.test.ts),YES,YES (new: assignment-scope test added)
S203,tenant-service,POST /api/v1/entities/:entityId/departments,create,acct.dept.manage,Local ROLE_PERMISSIONS stub,Real S207 via HttpAuthzClient,Enforced,Tenant-wide,YES,YES,YES
S203,tenant-service,POST /api/v1/entities/:entityId/departments/seed,canonical seed,acct.dept.manage,Local ROLE_PERMISSIONS stub,Real S207 via HttpAuthzClient,Enforced,Tenant-wide,YES,YES,YES
S203,tenant-service,GET /api/v1/entities/:entityId/departments/:id,get,acct.dept.view,Local ROLE_PERMISSIONS stub,Real S207 via HttpAuthzClient,Enforced,Tenant-wide,YES,YES,YES
S203,tenant-service,PUT /api/v1/entities/:entityId/departments/:id,update,acct.dept.manage,Local ROLE_PERMISSIONS stub,Real S207 via HttpAuthzClient,Enforced,Tenant-wide,YES,YES,YES
S203,tenant-service,POST /api/v1/entities/:entityId/departments/:id/deactivate,deactivate,acct.dept.manage,Local ROLE_PERMISSIONS stub,Real S207 via HttpAuthzClient,Enforced,Tenant-wide,YES,YES,YES
S204,tenant-service,GET /api/v1/oems,list OEM reference,acct.franchise.view,Local ROLE_PERMISSIONS stub,Real S207 via HttpAuthzClient,Enforced,Tenant-wide,NO (not in the 70-case suite; covered indirectly by franchise-routes.test.ts route-shape reuse),YES (same guard instance as franchise routes),PARTIAL (not independently tested; same guard as tested franchise routes)
S204,tenant-service,GET /api/v1/stores/:storeId/franchises,list,acct.franchise.view,Local ROLE_PERMISSIONS stub,Real S207 via HttpAuthzClient,Enforced,Tenant-wide (storeId is a path param, not passed into scope check),YES (franchise-routes.test.ts),YES,YES (new: assignment-scope test added)
S204,tenant-service,POST /api/v1/stores/:storeId/franchises,create,acct.franchise.manage,Local ROLE_PERMISSIONS stub,Real S207 via HttpAuthzClient,Enforced,Tenant-wide,YES,YES,YES
S204,tenant-service,GET /api/v1/stores/:storeId/franchises/:id,get,acct.franchise.view,Local ROLE_PERMISSIONS stub,Real S207 via HttpAuthzClient,Enforced,Tenant-wide,YES,YES,YES
S204,tenant-service,PATCH /api/v1/stores/:storeId/franchises/:id,update,acct.franchise.manage,Local ROLE_PERMISSIONS stub,Real S207 via HttpAuthzClient,Enforced,Tenant-wide,YES,YES,YES
S210,coa-service,POST /api/v1/coa/accounts,create,coa.account.manage,Local ROLE_PERMISSIONS stub,Real S207 via HttpAuthzClient,Enforced,Tenant-wide (new for coa-service; permission was previously not tenant-scoped at all),YES (authz-guard-integration.test.ts),YES,YES (new)
S210,coa-service,GET /api/v1/coa/accounts,list,coa.account.view,Local ROLE_PERMISSIONS stub,Real S207 via HttpAuthzClient,Enforced,Tenant-wide,YES,YES,YES (new)
S210,coa-service,GET /api/v1/coa/accounts/:id,get,coa.account.view,Local ROLE_PERMISSIONS stub,Real S207 via HttpAuthzClient,Enforced,Tenant-wide,YES (same guard),YES,YES (new)
S210,coa-service,PATCH /api/v1/coa/accounts/:id,update,coa.account.manage,Local ROLE_PERMISSIONS stub,Real S207 via HttpAuthzClient,Enforced,Tenant-wide,YES (same guard),YES,YES (new)
S211,coa-service,GET /api/v1/coa/tree,account hierarchy view,coa.account.view,Local ROLE_PERMISSIONS stub,Real S207 via HttpAuthzClient,Enforced,Tenant-wide,YES (same guard as S210 VIEW),YES,YES (new)
S223,coa-service,GET /api/v1/config/catalog,catalog list,config.view,Local ROLE_PERMISSIONS stub,Real S207 via HttpAuthzClient,Enforced,Tenant-wide,YES (new),YES,YES (new)
S223,coa-service,GET /api/v1/config/:key,get,config.view,Local ROLE_PERMISSIONS stub,Real S207 via HttpAuthzClient,Enforced,Tenant-wide,YES (same guard),YES,YES (new)
S223,coa-service,PUT /api/v1/config/:key,set,config.manage,Local ROLE_PERMISSIONS stub,Real S207 via HttpAuthzClient,Enforced,Tenant-wide,YES (new),YES,YES (new)
S208,coa-service,POST /api/v1/fiscal/entities/:entityId/fiscal-calendar,define calendar,fiscal.calendar.manage,Local ROLE_PERMISSIONS stub,Real S207 via HttpAuthzClient,Enforced,Tenant-wide (entityId path param not passed into scope check),YES (new),YES,YES (new)
S208,coa-service,GET /api/v1/fiscal/entities/:entityId/fiscal-calendar,get calendar,fiscal.calendar.view,Local ROLE_PERMISSIONS stub,Real S207 via HttpAuthzClient,Enforced,Tenant-wide,YES (same guard),YES,YES (new)
S208,coa-service,POST /api/v1/fiscal/entities/:entityId/fiscal-calendar/years,generate FY periods,fiscal.calendar.manage,Local ROLE_PERMISSIONS stub,Real S207 via HttpAuthzClient,Enforced,Tenant-wide,YES (same guard),YES,YES (new)
S208,coa-service,GET /api/v1/fiscal/entities/:entityId/periods,list periods,fiscal.calendar.view,Local ROLE_PERMISSIONS stub,Real S207 via HttpAuthzClient,Enforced,Tenant-wide,YES (same guard),YES,YES (new)
S208,coa-service,GET /api/v1/fiscal/entities/:entityId/periods/resolve,date->period resolve,fiscal.calendar.view,Local ROLE_PERMISSIONS stub,Real S207 via HttpAuthzClient,Enforced,Tenant-wide,YES (same guard),YES,YES (new)
S209,coa-service,GET /api/v1/fiscal/periods,period status board,fiscal.period.view,Local ROLE_PERMISSIONS stub,Real S207 via HttpAuthzClient,Enforced,Tenant-wide,YES (new),YES,YES (new)
S209,coa-service,GET /api/v1/fiscal/periods/:id/eligibility,posting eligibility,fiscal.period.view,Local ROLE_PERMISSIONS stub,Real S207 via HttpAuthzClient,Enforced,Tenant-wide,YES (same guard),YES,YES (new)
S209,coa-service,POST /api/v1/fiscal/periods/:id/open,open period,fiscal.period.open,Local ROLE_PERMISSIONS stub,Real S207 via HttpAuthzClient,Enforced,Tenant-wide,YES (new),YES,YES (new)
S010,coa-service,POST /api/v1/coa/seed,run canonical seed,coa.seed.run,Local ROLE_PERMISSIONS stub,Real S207 via HttpAuthzClient,Enforced,Tenant-wide,YES (new),YES,YES (new)
S010,coa-service,GET /api/v1/coa/diff-from-canonical,diff report,coa.seed.run,Local ROLE_PERMISSIONS stub,Real S207 via HttpAuthzClient,Enforced,Tenant-wide,YES (same guard),YES,YES (new)
S212,coa-service,POST /api/v1/coa/journal-sources,create source,coa.source.manage,Local ROLE_PERMISSIONS stub,Real S207 via HttpAuthzClient,Enforced,Tenant-wide,YES (new),YES,YES (new)
S212,coa-service,POST /api/v1/coa/journal-sources/bootstrap-reserved,idempotent seed,coa.source.manage,Local ROLE_PERMISSIONS stub,Real S207 via HttpAuthzClient,Enforced,Tenant-wide,YES (same guard),YES,YES (new)
S212,coa-service,POST /api/v1/coa/journal-sources/assert-manual,BR212-1 guard,coa.source.view,Local ROLE_PERMISSIONS stub,Real S207 via HttpAuthzClient,Enforced,Tenant-wide,YES (same guard as S212 VIEW),YES,YES (new)
S212,coa-service,GET /api/v1/coa/journal-sources,list,coa.source.view,Local ROLE_PERMISSIONS stub,Real S207 via HttpAuthzClient,Enforced,Tenant-wide,YES (new),YES,YES (new)
S212,coa-service,GET /api/v1/coa/journal-sources/:code,get,coa.source.view,Local ROLE_PERMISSIONS stub,Real S207 via HttpAuthzClient,Enforced,Tenant-wide,YES (same guard),YES,YES (new)
S212,coa-service,PATCH /api/v1/coa/journal-sources/:code,update,coa.source.manage,Local ROLE_PERMISSIONS stub,Real S207 via HttpAuthzClient,Enforced,Tenant-wide,YES (same guard),YES,YES (new)
S212,coa-service,POST /api/v1/coa/journal-sources/:code/deactivate,deactivate,coa.source.manage,Local ROLE_PERMISSIONS stub,Real S207 via HttpAuthzClient,Enforced,Tenant-wide,YES (same guard),YES,YES (new)
S213,coa-service,POST /api/v1/coa/journal-sequences/allocate,allocate next number,je.sequence.allocate,Local ROLE_PERMISSIONS stub,Real S207 via HttpAuthzClient,Enforced,Tenant-wide,YES (new),YES,YES (new)
S213,coa-service,POST /api/v1/coa/journal-sequences/log-gap,log a gap,je.sequence.allocate,Local ROLE_PERMISSIONS stub,Real S207 via HttpAuthzClient,Enforced,Tenant-wide,YES (same guard),YES,YES (new)
S213,coa-service,GET /api/v1/coa/journals/gap-report,gap report,je.gap_report.view,Local ROLE_PERMISSIONS stub,Real S207 via HttpAuthzClient,Enforced,Tenant-wide,YES (new),YES,YES (new)
S013,coa-service,POST /api/v1/coa/journals,BR013 balanced posting,je.post,Local ROLE_PERMISSIONS stub (excluded ACCOUNTANT in the pre-existing central catalog seed; local stub already granted it),Real S207 via HttpAuthzClient (catalog corrected to grant ACCOUNTANT — see AUTHORIZATION_CLOSURE_REPORT.md reconciliation note),Enforced,Tenant-wide,YES (new),YES,YES (new)
S217,coa-service,GET /api/v1/coa/journals/:number,view posted JE,je.view,Local ROLE_PERMISSIONS stub,Real S207 via HttpAuthzClient,Enforced,Tenant-wide,YES (new),YES,YES (new)
S218,coa-service,POST /api/v1/coa/journals/:id:reverse,reverse posted JE,je.reverse,Local ROLE_PERMISSIONS stub,Real S207 via HttpAuthzClient,Enforced,Tenant-wide,YES (new),YES,YES (new)
S214,coa-service,POST /api/v1/coa/manual-journals/drafts,create draft,je.draft.create,Local ROLE_PERMISSIONS stub,Real S207 via HttpAuthzClient,Enforced,Tenant-wide,YES (new),YES,YES (new)
S214,coa-service,GET /api/v1/coa/manual-journals/drafts,list drafts,ANY of je.draft.{create,edit,view_all,void,void.any} (requireDraftReader),Local ROLE_PERMISSIONS stub (size-check),Real S207 via HttpAuthzClient (parallel any-of check),Enforced,Tenant-wide,YES (new — CLERK case),YES (new — NO_PERMISSIONS_ROLE case),Covered by the same per-permission cross-tenant cases above (reader gate is a superset check)
S214,coa-service,GET /api/v1/coa/manual-journals/drafts/:id,get draft,ANY of je.draft.* (requireDraftReader),Local ROLE_PERMISSIONS stub (size-check),Real S207 via HttpAuthzClient,Enforced,Tenant-wide,YES (same guard),YES,See above
S214,coa-service,PUT /api/v1/coa/manual-journals/drafts/:id,update draft,je.draft.edit,Local ROLE_PERMISSIONS stub,Real S207 via HttpAuthzClient,Enforced,Tenant-wide,YES (new),YES,YES (new)
S214,coa-service,POST /api/v1/coa/manual-journals/drafts/:id/attachments,add attachment,je.draft.edit,Local ROLE_PERMISSIONS stub,Real S207 via HttpAuthzClient,Enforced,Tenant-wide,YES (same guard),YES,YES (same guard)
S215,coa-service,POST /api/v1/coa/manual-journals/drafts/:id:validate,validate draft,je.draft.edit (implied),Local ROLE_PERMISSIONS stub,Real S207 via HttpAuthzClient,Enforced,Tenant-wide,YES (same guard as S214 EDIT),YES,YES (same guard)
S216,coa-service,POST /api/v1/coa/manual-journals/drafts/:id:post,post draft,je.post (cross-file: calls journal-routes.ts's requireJePermission inline),Local ROLE_PERMISSIONS stub,Real S207 via HttpAuthzClient,Enforced,Tenant-wide,YES (covered by S013 je.post cases; same guard function),YES,YES (same guard function)
S219,coa-service,POST /api/v1/coa/manual-journals/drafts/:id:void,void own draft,je.draft.void,Local ROLE_PERMISSIONS stub,Real S207 via HttpAuthzClient,Enforced,Tenant-wide,YES (same guard as S214),YES,YES (same guard)
S219,coa-service,POST /api/v1/coa/manual-journals/drafts/:id:void (admin-any path),void another preparer's draft,je.draft.void.any,Local ROLE_PERMISSIONS stub,Real S207 via HttpAuthzClient (business-logic flag canVoidAny now resolved via real check in actorOf(), not a local Set lookup),Enforced,Tenant-wide,NO (not independently tested at the route-permission level in this phase; DraftService's own reason-required behavior IS covered by tests/void.test.ts's application-layer tests),N/A (flag resolution, not a route gate),N/A
